{
  "id": "conteudo-extra-para-t20",
  "title": "Conteudo extra para T20",
  "description": "Conteudo extra, NÃO OFICIAL, para T20. Feito de fã para fãs.",
  "version": "1.0.0",
  "authors": [
    {
      "name": "Pablo Pochmann",
      "discord": "PochmannBR#0301",
      "url": "https://www.mywebsite.com/",
      "flags": {}
    }
  ],
  "compatibility": {
    "minimum": "12",
    "verified": "12"
  },
  "packs": [
    {
      "name": "module-creatures",
      "label": "Module Creatures",
      "path": "packs/creatures",
      "type": "Actor",
      "system": "tormenta20",
      "ownership": {
        "PLAYER": "OBSERVER",
        "ASSISTANT": "OWNER"
      },
      "flags": {}
    },
    {
      "name": "module-items",
      "label": "Module Items",
      "path": "packs/items",
      "type": "Item",
      "system": "tormenta20",
      "ownership": {
        "PLAYER": "OBSERVER",
        "ASSISTANT": "OWNER"
      },
      "flags": {}
    },
    {
      "name": "module-scenes",
      "label": "Module Scenes",
      "path": "packs/scenes",
      "type": "Scene",
      "ownership": {
        "PLAYER": "OBSERVER",
        "ASSISTANT": "OWNER"
      },
      "flags": {}
    },
    {
      "name": "module-journal-entries",
      "label": "Module Journal Entries",
      "path": "packs/journal-entries",
      "type": "JournalEntry",
      "ownership": {
        "PLAYER": "OBSERVER",
        "ASSISTANT": "OWNER"
      },
      "flags": {}
    },
    {
      "name": "module-macros",
      "label": "Module Macros",
      "path": "packs/macros",
      "type": "Macro",
      "ownership": {
        "PLAYER": "OBSERVER",
        "ASSISTANT": "OWNER"
      },
      "flags": {}
    },
    {
      "name": "module-roll-tables",
      "label": "Module Roll Tables",
      "path": "packs/roll-tables",
      "type": "RollTable",
      "ownership": {
        "PLAYER": "OBSERVER",
        "ASSISTANT": "OWNER"
      },
      "flags": {}
    },
    {
      "name": "module-playlists",
      "label": "Module Playlists",
      "path": "packs/playlists",
      "type": "Playlist",
      "ownership": {
        "PLAYER": "OBSERVER",
        "ASSISTANT": "OWNER"
      },
      "flags": {}
    },
    {
      "name": "module-adventures",
      "label": "Module Adventures",
      "path": "packs/adventures",
      "type": "Adventure",
      "ownership": {
        "PLAYER": "OBSERVER",
        "ASSISTANT": "OWNER"
      },
      "flags": {}
    }
  ],
  "manifest": "https://raw.githubusercontent.com/PochmannBR/t20_toolbox/main/module.json",
  "download": "https://raw.githubusercontent.com/PochmannBR/t20_toolbox/main/conteudo-extra-para-t20.zip"
}