{
    "id": "pochmanns_toolbox",
    "name": "pochmanns_toolbox",
    "title": "Pochmann's Toolbox para T20",
    "description": "Conteudo extra, NÃO OFICIAL, para T20. Feito de fã para fãs.",
    "version": "0.1.0",
    "authors": [
        {
            "name": "Pablo Pochmann",
            "discord": "PochmannBR#0301",
            "url": "Em desenvolvimento!!!"
        }
    ],
    "minimumCoreVersion": "12",
    "compatibleCoreVersion": "12",
    "compatibility": {
        "minimum": "12",
        "verified": "12"
    },
    "packs": [
        {
            "name": "module-creatures",
            "label": "Ameaças e NPCs",
            "path": "./packs/creatures.db",
            "type": "Actor",
            "system": "tormenta20"
        },
        {
            "name": "module-items",
            "label": "Items, Magias e Poderes",
            "path": "./packs/items.db",
            "type": "Item",
            "system": "tormenta20"
        },
        {
            "name": "module-scenes",
            "label": "Cenas Genéricas",
            "path": "./packs/scenes.db",
            "type": "Scene"
        },
        {
            "name": "module-journal-entries",
            "label": "Conteúdo de Journal",
            "path": "./packs/journal-entries.db",
            "type": "JournalEntry"
        },
        {
            "name": "module-adventures",
            "label": "Aventuras Prontas",
            "path": "./packs/adventures.db",
            "type": "Adventure"
        }
    ],
    "manifest": "https://raw.githubusercontent.com/PochmannBR/t20_toolbox/main/module.json",
    "download": "https://raw.githubusercontent.com/PochmannBR/t20_toolbox/main/pochmanns_toolbox.zip"
  }
